{
  "test_type": "GPU Optimization Test",
  "timestamp": "20250718_014307",
  "duration": 2.996127128601074,
  "total_operations": 1200,
  "combined_ops_per_second": 4119.401244153489,
  "workers": 2,
  "successful_workers": 2,
  "worker_results": [
    {
      "worker_id": 0,
      "iterations": 200,
      "total_operations": 600,
      "operation_time": 0.2993955612182617,
      "ops_per_second": 2004.037727074368,
      "allocated_gb": 0.0093994140625,
      "status": "success"
    },
    {
      "worker_id": 1,
      "iterations": 200,
      "total_operations": 600,
      "operation_time": 0.28363919258117676,
      "ops_per_second": 2115.3635170791204,
      "allocated_gb": 0.0093994140625,
      "status": "success"
    }
  ]
}