{
  "test_type": "GPU Optimization Test",
  "timestamp": "20250718_014213",
  "duration": 2.906403064727783,
  "total_operations": 1200,
  "combined_ops_per_second": 3998.698395804863,
  "workers": 2,
  "successful_workers": 2,
  "worker_results": [
    {
      "worker_id": 0,
      "iterations": 200,
      "total_operations": 600,
      "operation_time": 0.2964916229248047,
      "ops_per_second": 2023.665944019505,
      "allocated_gb": 0.0093994140625,
      "status": "success"
    },
    {
      "worker_id": 1,
      "iterations": 200,
      "total_operations": 600,
      "operation_time": 0.30379247665405273,
      "ops_per_second": 1975.0324517853583,
      "allocated_gb": 0.0093994140625,
      "status": "success"
    }
  ]
}