{
  "total_time_minutes": 2.0169105609258016,
  "total_workers": 4,
  "pc1_workers": 2,
  "pc2_workers": 2,
  "gpu_workers": 4,
  "cpu_workers": 0,
  "total_iterations": 4772,
  "overall_avg_score": 4.510018346695368,
  "pc1_avg_score": 4.5099136895326035,
  "pc2_avg_score": 4.5101230038581335,
  "detailed_results": [
    {
      "worker_id": 0,
      "target_pc": "PC1",
      "device": "cuda:0",
      "iterations": 1193,
      "total_score": 5380.781947612762,
      "avg_score": 4.510295010572307,
      "total_time_minutes": 2.000776739915212,
      "iterations_per_minute": 596.2684272561847
    },
    {
      "worker_id": 1,
      "target_pc": "PC2",
      "device": "cuda:0",
      "iterations": 1193,
      "total_score": 5383.876076221466,
      "avg_score": 4.5128885802359315,
      "total_time_minutes": 2.001529328028361,
      "iterations_per_minute": 596.0442264291895
    },
    {
      "worker_id": 2,
      "target_pc": "PC1",
      "device": "cuda:0",
      "iterations": 1193,
      "total_score": 5379.87211561203,
      "avg_score": 4.5095323684929,
      "total_time_minutes": 2.0009324232737224,
      "iterations_per_minute": 596.2220343494332
    },
    {
      "worker_id": 3,
      "target_pc": "PC2",
      "device": "cuda:0",
      "iterations": 1193,
      "total_score": 5377.277410984039,
      "avg_score": 4.5073574274803345,
      "total_time_minutes": 2.0003248929977415,
      "iterations_per_minute": 596.403116401825
    }
  ]
}