{
  "summary": {
    "total_time": 60.596933364868164,
    "total_iterations": 17770,
    "successful_workers": 1,
    "iterations_per_second": 293.24916317138883
  },
  "worker_results": [
    {
      "worker_id": 0,
      "duration_minutes": 1,
      "total_iterations": 17770,
      "total_time": 60.00201058387756,
      "avg_operation_time": 0.003094210165836332,
      "status": "success"
    }
  ]
}