{
  "training_completed": true,
  "duration_minutes": 1,
  "total_workers": 2,
  "total_iterations": 6608,
  "total_operations": 23887,
  "pc1_workers": 1,
  "pc2_workers": 1,
  "pc1_total_ops": 16252,
  "pc2_total_ops": 7635,
  "pc1_ops_per_second": 270.8549222909926,
  "pc2_ops_per_second": 127.22371739608563,
  "rtx3070_memory_failures": 0,
  "rtx3070_success_rate": 100.0,
  "memory_optimization": "ULTRA_CONSERVATIVE_RTX3070",
  "individual_results": [
    {
      "worker_id": 0,
      "pc": "PC1_RTX3090_STABLE",
      "device": "cuda:0",
      "iterations": 4063,
      "total_operations": 16252,
      "best_score": 0.6616844375,
      "duration_seconds": 60.002601623535156,
      "ops_per_second": 270.8549222909926,
      "memory_info": {
        "total": 23.56658935546875,
        "allocated": 14.0079345703125,
        "cached": 14.07421875,
        "free": 9.55865478515625,
        "utilization": 59.43980420341091,
        "device_name": "NVIDIA GeForce RTX 3090",
        "multiprocessor_count": 82
      }
    },
    {
      "worker_id": 100,
      "pc": "PC2_RTX3070_ULTRA_CONSERVATIVE",
      "device": "cuda:0",
      "iterations": 2545,
      "total_operations": 7635,
      "best_score": 0.13875796875,
      "duration_seconds": 60.01239514350891,
      "ops_per_second": 127.22371739608563,
      "memory_failures": 0,
      "success_count": 2545,
      "final_matrix_size": 1024,
      "memory_info": {
        "total": 7.66705322265625,
        "allocated": 0.10793495178222656,
        "cached": 0.12109375,
        "free": 7.559118270874023,
        "utilization": 1.4077762165948877,
        "device_name": "NVIDIA GeForce RTX 3070 Laptop GPU",
        "multiprocessor_count": 40
      }
    }
  ]
}