{
  "summary": {
    "total_time": 60.588308811187744,
    "total_iterations": 17890,
    "successful_workers": 1,
    "iterations_per_second": 295.27148638115773
  },
  "worker_results": [
    {
      "worker_id": 0,
      "duration_minutes": 1,
      "total_iterations": 17890,
      "total_time": 60.00518751144409,
      "avg_operation_time": 0.0030642518922561635,
      "status": "success"
    }
  ]
}