{
  "optimization_type": "Smart GPU Compute Optimization",
  "timestamp": "20250717_181427",
  "research_findings_applied": [
    "Multiple CUDA streams",
    "Tensor core optimization",
    "Mixed precision (FP16)",
    "Memory-aware allocation",
    "Concurrent execution"
  ],
  "performance_summary": {
    "total_time": 120.27720594406128,
    "successful_workers": 2,
    "total_workers": 2,
    "total_iterations": 1190,
    "iterations_per_second": 9.89381147208763,
    "combined_avg_tflops": 81.14695995599902,
    "performance_improvement_factor": 0.03367927020578762,
    "estimated_gpu_utilization_percent": 0.1683963510289381
  },
  "worker_details": [
    {
      "worker_id": 0,
      "gpu_type": "RTX3090",
      "duration_minutes": 2,
      "total_iterations": 104,
      "total_time": 120.27056670188904,
      "avg_operation_time": 1.1286854354234843,
      "avg_tflops": 46.95483846415845,
      "peak_tflops": 52.84559008421565,
      "avg_ops_per_second": 0.8896911834532459,
      "status": "success"
    },
    {
      "worker_id": 1,
      "gpu_type": "RTX3070",
      "duration_minutes": 2,
      "total_iterations": 1086,
      "total_time": 120.05106854438782,
      "avg_operation_time": 0.10936151529983043,
      "avg_tflops": 34.19212149184057,
      "peak_tflops": 37.81815607005645,
      "avg_ops_per_second": 9.21408987828304,
      "status": "success"
    }
  ]
}