{
  "optimization_type": "Smart GPU Compute Optimization",
  "timestamp": "20250717_173622",
  "research_findings_applied": [
    "Multiple CUDA streams",
    "Tensor core optimization",
    "Mixed precision (FP16)",
    "Memory-aware allocation",
    "Concurrent execution"
  ],
  "performance_summary": {
    "total_time": 61.54145669937134,
    "successful_workers": 2,
    "total_workers": 2,
    "total_iterations": 562,
    "iterations_per_second": 9.13205553039405,
    "combined_avg_tflops": 80.57808200330628,
    "performance_improvement_factor": 0.032124991178824495,
    "estimated_gpu_utilization_percent": 0.16062495589412248
  },
  "worker_details": [
    {
      "worker_id": 0,
      "gpu_type": "RTX3090",
      "duration_minutes": 1,
      "total_iterations": 53,
      "total_time": 60.96811819076538,
      "avg_operation_time": 1.0956097683816586,
      "avg_tflops": 48.204109599403914,
      "peak_tflops": 50.94583549795792,
      "avg_ops_per_second": 0.9133621309237377,
      "status": "success"
    },
    {
      "worker_id": 1,
      "gpu_type": "RTX3070",
      "duration_minutes": 1,
      "total_iterations": 509,
      "total_time": 60.04080820083618,
      "avg_operation_time": 0.11557046744116163,
      "avg_tflops": 32.373972403902364,
      "peak_tflops": 37.42477580921799,
      "avg_ops_per_second": 8.724135222723612,
      "status": "success"
    }
  ]
}