{
  "optimization_type": "Smart GPU Compute Optimization",
  "timestamp": "20250717_182500",
  "research_findings_applied": [
    "Multiple CUDA streams",
    "Tensor core optimization",
    "Mixed precision (FP16)",
    "Memory-aware allocation",
    "Concurrent execution"
  ],
  "performance_summary": {
    "total_time": 600.803861618042,
    "successful_workers": 2,
    "total_workers": 2,
    "total_iterations": 3529,
    "iterations_per_second": 5.873797133220731,
    "combined_avg_tflops": 73.09768236014506,
    "performance_improvement_factor": 0.020787341536033805,
    "estimated_gpu_utilization_percent": 0.10393670768016902
  },
  "worker_details": [
    {
      "worker_id": 0,
      "gpu_type": "RTX3090",
      "duration_minutes": 10,
      "total_iterations": 608,
      "total_time": 600.7973999977112,
      "avg_operation_time": 0.9827585675214466,
      "avg_tflops": 53.734248964417745,
      "peak_tflops": 57.60470185333415,
      "avg_ops_per_second": 1.018146140351779,
      "status": "success"
    },
    {
      "worker_id": 1,
      "gpu_type": "RTX3070",
      "duration_minutes": 10,
      "total_iterations": 2921,
      "total_time": 600.2346065044403,
      "avg_operation_time": 0.2049123706249536,
      "avg_tflops": 19.363433395727316,
      "peak_tflops": 36.371378358175576,
      "avg_ops_per_second": 5.218056320458363,
      "status": "success"
    }
  ]
}